k-mer,inferred_mean,true_mean,mean_difference,inferred_std,true_std,std_difference
TCACG,77.93477952310255,77.182899,0.7518805231025425,[3.6590294],1.875816,[1.7832134]
CACGT,111.05331039939738,108.558497,2.4948133993973727,[1.02833324],3.856268,[2.82793476]
ACGTG,87.84871846970215,87.074004,0.7747144697021469,[1.0586682],3.125398,[2.0667298]
CGTGC,100.57148173719222,89.889788,10.68169373719222,[0.98412552],9.689941,[8.70581548]
GTGCC,85.75206051349954,90.049,4.296939486500463,[1.0074537],3.049711,[2.0422573]
TGCCG,76.24418548094643,76.98295,0.738764519053575,[0.99783687],2.778549,[1.78071213]
GCCGA,109.50339641390393,109.945677,0.442280586096075,[1.00174933],3.291378,[2.28962867]
CCGAA,103.43922548901087,102.836148,0.6030774890108717,[0.99590339],3.017274,[2.02137061]
CGAAT,104.07405932800214,101.583416,2.490643328002136,[0.99159644],4.062744,[3.07114756]
GAATA,81.31738904364549,82.488915,1.1715259563545146,[0.99823362],3.040826,[2.04259238]
AATAG,90.16772596328323,88.342579,1.8251469632832311,[1.00326395],6.278645,[5.27538105]
ATAGG,130.6124402936831,126.875295,3.7371452936831133,[1.00175923],5.101816,[4.10005677]
TAGGT,128.55475087594436,125.168284,3.3864668759443646,[1.00231288],3.173751,[2.17143812]
AGGTA,95.10030937327008,100.762608,5.662298626729921,[1.00242057],3.994511,[2.99209043]
GGTAA,86.23795585275889,89.309222,3.0712661472411185,[0.98476411],3.868907,[2.88414289]
GTAAG,104.87486172798906,107.509864,2.6350022720109365,[0.99576489],3.108588,[2.11282311]
